행정구역,시도명,시군구명,읍면동명,매장이름,계(거주인구),남자,여자,10대 미만 남자,10대  남자,20대 남자,30대 남자,40대 남자,50대 남자,60대 남자,고령남자,10대 미만 여자,만10대 여자,만 20세 여자,만 30대 여자,만 40대 여자,만 50대 여자,만 60대 여자,고령 여자,매장수
서울특별시-종로구-내자동,서울특별시,종로구,내자동,경복궁점,91,41,50,2,0,3,5,5,7,11,8,1,1,5,8,3,5,9,18,1
서울특별시-종로구-당주동,서울특별시,종로구,당주동,광화문점,312,144,168,11,11,17,14,31,17,16,27,13,14,10,18,33,25,20,35,1
서울특별시-종로구-수송동,서울특별시,종로구,수송동,안국,245,111,134,10,6,4,18,19,16,22,16,4,8,12,19,28,23,19,21,1
서울특별시-종로구-종로2가,서울특별시,종로구,종로2가,종로,510,234,276,0,0,6,10,28,58,58,74,0,0,5,8,19,39,81,124,1
서울특별시-종로구-계동,서울특별시,종로구,계동,북촌,1074,488,586,29,43,50,76,77,82,62,69,25,39,56,69,101,96,90,110,1
서울특별시-종로구-종로5가,서울특별시,종로구,종로5가,종로5가,174,110,64,1,0,5,6,9,32,40,17,0,0,5,3,3,12,13,28,1
서울특별시-종로구-종로6가,서울특별시,종로구,종로6가,동대문역점,500,265,235,8,12,25,24,30,64,53,49,9,11,30,28,21,51,38,47,1
서울특별시-종로구-동숭동,서울특별시,종로구,동숭동,대학로점,3741,1760,1981,56,74,349,311,241,304,223,202,61,108,412,301,251,280,283,285,1
서울특별시-종로구-명륜4가,서울특별시,종로구,명륜4가,성대,849,396,453,14,18,103,74,44,59,43,41,9,12,148,64,56,61,42,61,1
서울특별시-종로구-명륜3가,서울특별시,종로구,명륜3가,성균관대,4812,2445,2367,56,130,845,331,260,306,264,253,54,165,721,230,228,304,247,418,1
서울특별시-종로구-교북동,서울특별시,종로구,교북동,독립문,895,396,499,38,25,44,116,66,54,33,20,35,26,57,151,97,52,45,36,1
서울특별시-중구-을지로2가,서울특별시,중구,을지로2가,을지로3가,58,41,17,0,1,7,7,6,8,9,3,0,0,6,2,1,4,2,2,1
서울특별시-중구-태평로2가,서울특별시,중구,태평로2가,시청,50,36,14,0,0,1,8,9,5,11,2,0,1,3,2,1,2,4,1,1
서울특별시-중구-남대문로2가,서울특별시,중구,남대문로2가,을지로입구,1,1,0,0,0,0,0,0,0,1,0,0,0,0,0,0,0,0,0,1
서울특별시-중구-회현동1가,서울특별시,중구,회현동1가,회현,3431,1625,1806,71,86,179,192,254,276,332,235,72,95,192,245,231,302,335,334,1
서울특별시-중구-명동2가,서울특별시,중구,명동2가,명동성당,539,54,485,0,0,0,7,11,20,9,7,0,1,5,26,78,109,113,153,1
서울특별시-중구-필동2가,서울특별시,중구,필동2가,충무로,927,476,451,13,19,68,64,68,81,89,74,13,17,66,59,44,59,78,115,1
서울특별시-중구-광희동1가,서울특별시,중구,광희동1가,동대문역사문화공원역,384,225,159,1,2,19,27,31,62,44,39,1,4,8,17,23,28,45,33,1
서울특별시-중구-신당동,서울특별시,중구,신당동,"약수역점,신당역",69333,33251,36082,1720,2023,4545,5163,4820,5900,5065,4015,1661,1976,5004,5237,4772,6074,5475,5883,2
서울특별시-중구-순화동,서울특별시,중구,순화동,순화동라마다,1245,556,689,59,22,48,117,157,80,48,25,43,55,91,158,157,95,55,35,1
서울특별시-중구-충정로1가,서울특별시,중구,충정로1가,정동,2,1,1,0,0,0,0,0,0,1,0,0,0,0,0,0,0,1,0,1
서울특별시-용산구-후암동,서울특별시,용산구,후암동,서울역동자,16602,8096,8506,430,617,1196,1431,1221,1343,1067,791,398,513,1156,1324,1286,1381,1209,1239,1
서울특별시-용산구-갈월동,서울특별시,용산구,갈월동,남영역,2983,1645,1338,39,63,219,247,237,352,304,184,34,55,239,235,173,216,185,201,1
서울특별시-용산구-동자동,서울특별시,용산구,동자동,서울역동자,3662,2364,1298,45,62,187,240,302,632,585,311,36,44,207,226,162,238,206,179,1
서울특별시-용산구-청파동2가,서울특별시,용산구,청파동2가,숙명여대,3531,1357,2174,56,76,257,253,212,191,149,163,41,115,647,266,229,302,266,308,1
서울특별시-용산구-한강로3가,서울특별시,용산구,한강로3가,"용산아이파크몰,용산전자랜드",8152,3987,4165,280,246,492,635,585,769,581,399,269,236,582,635,584,768,587,504,2
서울특별시-용산구-한남동,서울특별시,용산구,한남동,한남,20237,9746,10491,582,575,1278,1826,1607,1503,1341,1034,521,568,1205,1950,1627,1669,1497,1454,1
서울특별시-성동구-상왕십리동,서울특별시,성동구,상왕십리동,상왕십리,3696,1730,1966,224,128,169,289,381,257,195,87,235,124,243,401,359,271,192,141,1
서울특별시-성동구-도선동,서울특별시,성동구,도선동,왕십리역,4665,2203,2462,58,130,525,423,263,374,251,179,55,107,754,436,264,358,239,249,1
서울특별시-성동구-행당동,서울특별시,성동구,행당동,한양대,42273,20160,22113,1392,1487,3560,3191,3054,3267,2385,1824,1421,1775,3713,3355,3263,3420,2564,2602,1
서울특별시-성동구-금호동2가,서울특별시,성동구,금호동2가,신금호역,9967,4697,5270,497,298,495,844,905,728,541,389,454,317,558,1015,920,780,630,596,1
서울특별시-성동구-성수동1가,서울특별시,성동구,성수동1가,서울숲,28618,14150,14468,862,962,2106,2562,2026,2428,2024,1180,777,889,2149,2589,2118,2474,1989,1483,1
서울특별시-성동구-성수동2가,서울특별시,성동구,성수동2가,성수역,26207,13465,12742,636,668,1958,2284,1851,2398,2304,1366,591,623,2015,2065,1625,2112,2022,1689,1
서울특별시-광진구-중곡동,서울특별시,광진구,중곡동,중곡역,80773,39138,41635,1817,2406,6146,6763,5612,6682,5747,3965,1668,2246,6924,6732,5397,7160,6397,5111,1
서울특별시-광진구-능동,서울특별시,광진구,능동,군자역,11256,5193,6063,252,243,1018,1131,814,681,580,474,228,245,1328,1362,793,774,714,619,1
서울특별시-광진구-구의동,서울특별시,광진구,구의동,"광장,아차산역,강변역",78059,37195,40864,2145,2903,5985,6303,5679,6134,4732,3314,2092,2923,6880,6418,6179,6618,5351,4403,3
서울특별시-광진구-광장동,서울특별시,광진구,광장동,구의,34350,16638,17712,1437,2767,1959,1530,3234,2987,1620,1104,1327,2635,1970,1924,3910,2891,1646,1409,1
서울특별시-광진구-자양동,서울특별시,광진구,자양동,뚝섬유원지역,92102,44729,47373,2571,3280,6886,7159,6774,7356,6448,4255,2467,3196,7227,7079,6965,7780,6975,5684,1
서울특별시-광진구-화양동,서울특별시,광진구,화양동,"건대입구,세종대",23787,11320,12467,174,316,4553,2453,1181,1131,831,681,167,429,6009,2222,948,950,883,859,2
서울특별시-동대문구-신설동,서울특별시,동대문구,신설동,신설동역,3766,1910,1856,35,42,375,398,238,312,333,177,36,41,683,413,180,167,198,138,1
서울특별시-동대문구-전농동,서울특별시,동대문구,전농동,서울시립대학교,47235,23256,23979,1412,1691,3338,3099,3540,4036,3485,2655,1369,1746,3198,3005,3368,3992,3677,3624,1
서울특별시-동대문구-장안동,서울특별시,동대문구,장안동,장안사거리,70532,34947,35585,2574,2819,4265,5534,6140,5439,4779,3397,2368,2562,4592,5429,5805,5431,5203,4195,1
서울특별시-동대문구-회기동,서울특별시,동대문구,회기동,경희대,10596,5099,5497,188,317,1633,820,635,607,462,437,184,357,1854,664,631,595,538,674,1
서울특별시-동대문구-이문동,서울특별시,동대문구,이문동,외대,37970,18600,19370,893,1454,3721,2434,2600,3029,2349,2120,838,1468,4034,2134,2530,2879,2567,2920,1
서울특별시-중랑구-상봉동,서울특별시,중랑구,상봉동,상봉역,43966,21273,22693,1159,1365,3292,4042,3022,3480,3036,1877,1183,1170,4089,3987,2922,3626,3199,2517,1
서울특별시-중랑구-중화동,서울특별시,중랑구,중화동,중랑역,44085,22206,21879,1072,1178,3074,3541,3157,3928,3768,2488,948,1124,3101,3277,2703,3834,3743,3149,1
서울특별시-중랑구-묵동,서울특별시,중랑구,묵동,묵동,52924,25590,27334,1461,2077,3548,3703,4127,4242,3640,2792,1411,1980,3958,3662,4128,4492,4219,3484,1
서울특별시-중랑구-망우동,서울특별시,중랑구,망우동,망우,51731,25767,25964,1583,1487,3367,3979,3728,4484,4344,2795,1483,1617,3559,3690,3295,4405,4234,3681,1
서울특별시-성북구-동소문동2가,서울특별시,성북구,동소문동2가,한성대,527,259,268,5,15,44,36,41,45,37,36,6,13,36,31,25,45,44,68,1
서울특별시-성북구-동선동2가,서울특별시,성북구,동선동2가,성신여대,2134,777,1357,9,38,239,166,86,92,79,68,25,70,646,207,102,104,88,115,1
서울특별시-성북구-정릉동,서울특별시,성북구,정릉동,"정릉,국민대학교",79574,38560,41014,2269,3303,6042,5158,5795,6293,5289,4411,2074,3056,5636,4901,6008,6788,6286,6265,2
서울특별시-성북구-길음동,서울특별시,성북구,길음동,길음뉴타운,53812,25705,28107,2759,3336,2594,3164,5172,4241,2485,1954,2604,3376,2753,3710,5754,4114,3007,2789,1
서울특별시-성북구-종암동,서울특별시,성북구,종암동,종암,38439,19020,19419,1204,1936,2923,2486,2974,3154,2430,1913,1141,1586,2617,2372,3130,3164,2585,2824,1
서울특별시-성북구-하월곡동,서울특별시,성북구,하월곡동,동덕여대,39958,19181,20777,1272,1823,2444,2628,3170,3277,2556,2011,1270,1809,3016,2647,3250,3191,2827,2767,1
서울특별시-강북구-미아동,서울특별시,강북구,미아동,"삼양솔샘,미아역,미아사거리역",130943,63707,67236,3417,5194,8356,8161,10132,11458,9546,7443,3256,5080,8814,7764,9926,11573,10563,10260,3
서울특별시-강북구-번동,서울특별시,강북구,번동,수유역,50447,24495,25952,982,1586,3541,3108,3709,4324,3742,3503,930,1511,3459,2739,3461,4185,4310,5357,1
서울특별시-도봉구-쌍문동,서울특별시,도봉구,쌍문동,덕성여대,75173,35892,39281,1963,2851,4872,4864,5313,6121,5619,4289,1788,2794,5239,4639,5432,7002,6513,5874,1
서울특별시-도봉구-방학동,서울특별시,도봉구,방학동,방학역,74571,36893,37678,2003,3167,4880,4370,5194,6666,6190,4423,1807,2910,4338,3957,5371,6892,6690,5713,1
서울특별시-도봉구-창동,서울특별시,도봉구,창동,쌍문역,117677,56791,60886,3325,4841,7760,7686,8682,9947,8361,6189,3076,4576,7862,7661,9025,10945,9470,8271,1
서울특별시-노원구-월계동,서울특별시,노원구,월계동,광운대역,76876,37603,39273,2334,2900,5406,5015,5870,6009,5552,4517,2197,2650,4610,4836,5613,6434,6674,6259,1
서울특별시-노원구-공릉동,서울특별시,노원구,공릉동,공릉,78528,38219,40309,2527,3551,6708,5358,5863,5858,4950,3404,2385,3378,6864,5439,6048,6087,5666,4442,1
서울특별시-노원구-상계동,서울특별시,노원구,상계동,노원,200311,95944,104367,6001,8583,13155,13631,14387,16633,13738,9816,5758,8144,12884,13489,15692,18611,15807,13982,1
서울특별시-노원구-중계동,서울특별시,노원구,중계동,중계은행사거리,103480,49293,54187,3027,7617,6223,4540,8650,9231,5823,4182,2725,7122,5979,4887,10479,9301,6499,7195,1
서울특별시-은평구-갈현동,서울특별시,은평구,갈현동,"연신내,구산역",49113,23595,25518,1095,1834,3665,3369,3582,3985,3357,2708,976,1759,3824,3119,3652,4545,4000,3643,2
서울특별시-은평구-구산동,서울특별시,은평구,구산동,구산역,32100,15678,16422,777,1316,2099,2002,2438,2765,2383,1898,784,1365,2321,1971,2371,2882,2462,2266,1
서울특별시-은평구-응암동,서울특별시,은평구,응암동,"은평구청,응암",85075,40823,44252,3351,3396,4970,6434,7258,6310,5002,4102,3119,3166,5375,6888,7130,6527,5904,6143,2
서울특별시-은평구-진관동,서울특별시,은평구,진관동,구파발역,55353,25915,29438,1998,3746,2968,2689,4546,4394,3158,2416,1792,3572,3836,3616,5400,4441,3569,3212,1
서울특별시-서대문구-충정로3가,서울특별시,서대문구,충정로3가,충정로,5077,2366,2711,86,126,393,452,353,363,354,239,99,142,560,515,332,363,358,342,1
서울특별시-서대문구-홍제동,서울특별시,서대문구,홍제동,홍제,54705,25815,28890,1582,1950,3337,3728,3729,4547,3810,3132,1558,1970,3502,3813,4004,4957,4431,4655,1
서울특별시-서대문구-대현동,서울특별시,서대문구,대현동,이대,6421,2116,4305,93,142,621,410,251,307,156,136,105,244,2248,615,340,332,195,226,1
서울특별시-서대문구-신촌동,서울특별시,서대문구,신촌동,연세대,825,348,477,17,27,94,63,33,44,35,35,20,29,188,73,43,55,27,42,1
서울특별시-서대문구-창천동,서울특별시,서대문구,창천동,"신촌로데오,신촌",11178,5692,5486,164,220,2223,1247,563,490,404,381,121,200,2227,951,525,496,446,520,2
서울특별시-서대문구-연희동,서울특별시,서대문구,연희동,연희,34780,16644,18136,716,1140,3786,2755,2230,2428,1878,1711,746,1111,3805,2696,2443,2662,2208,2465,1
서울특별시-서대문구-북가좌동,서울특별시,서대문구,북가좌동,가재울,49009,23753,25256,1384,2159,3242,3106,3867,3956,3374,2665,1223,2007,3272,3101,3978,4223,3694,3758,1
서울특별시-서대문구-남가좌동,서울특별시,서대문구,남가좌동,명지대,45026,21649,23377,2272,1948,2701,2943,4079,3288,2436,1982,2181,2041,2893,3379,3997,3353,2669,2864,1
서울특별시-마포구-공덕동,서울특별시,마포구,공덕동,"애오개역,공덕역롯데캐슬",25613,12032,13581,926,849,1585,2189,1990,2076,1432,985,877,845,2151,2466,2048,2153,1552,1489,2
서울특별시-마포구-도화동,서울특별시,마포구,도화동,마포,21654,10126,11528,748,794,1261,1804,1541,1658,1320,1000,705,737,1577,2016,1770,1798,1459,1466,1
서울특별시-마포구-상수동,서울특별시,마포구,상수동,상수역,7421,3496,3925,240,203,770,643,581,436,338,285,205,186,917,740,590,500,390,397,1
서울특별시-마포구-신정동,서울특별시,마포구,신정동,"신정네거리역,목동역",1543,741,802,67,72,91,124,110,126,86,65,57,57,91,145,138,143,86,85,2
서울특별시-마포구-서교동,서울특별시,마포구,서교동,"홍대아트,홍대",20009,9066,10943,306,479,1997,1992,1415,1226,847,804,320,495,2810,2322,1540,1358,996,1102,2
서울특별시-마포구-합정동,서울특별시,마포구,합정동,합정역메세나폴리스,17149,7942,9207,402,425,1422,1704,1247,1082,903,757,392,455,1832,1871,1301,1233,1056,1067,1
서울특별시-마포구-망원동,서울특별시,마포구,망원동,"망원한강공원,망원역",38236,17886,20350,1001,1311,2737,3152,2948,2821,2086,1830,934,1363,3263,3478,3166,2955,2550,2641,2
서울특별시-마포구-성산동,서울특별시,마포구,성산동,마포구청,48567,21765,26802,1127,1679,3403,4009,3588,3386,2466,2107,1145,1667,5172,4730,3941,3695,3059,3393,1
서울특별시-마포구-상암동,서울특별시,마포구,상암동,"상암DMC푸르지오시티,상암",30483,14449,16034,1124,2022,1937,1629,2670,2443,1459,1165,944,2013,2378,1966,3001,2344,1784,1604,2
서울특별시-양천구-신정동,서울특별시,양천구,신정동,양천구청,175134,85117,90017,5813,10535,11147,9803,14278,15090,10969,7482,5583,9883,10934,10242,15913,15467,12177,9818,1
서울특별시-양천구-목동,서울특별시,양천구,목동,"오목교,등촌역",147993,72040,75953,4887,10168,9655,8822,12223,12525,8466,5294,4572,9011,9553,9607,14649,12621,9311,6629,2
서울특별시-강서구-등촌동,서울특별시,강서구,등촌동,가양역,75019,35493,39526,2048,2436,5261,7107,4946,5161,5000,3534,1937,2050,6392,7292,5075,5989,5788,5003,1
서울특별시-강서구-화곡동,서울특별시,강서구,화곡동,화곡역,220271,106458,113813,5771,7689,16429,19478,17329,15542,13855,10365,5592,7088,19109,18172,16871,17031,17087,12863,1
서울특별시-강서구-마곡동,서울특별시,강서구,마곡동,"양천향교역,발산역",54719,25330,29389,2859,2651,3401,4735,5005,3225,2127,1327,2787,2733,6042,5498,5024,3203,2462,1640,2
서울특별시-구로구-구로동,서울특별시,구로구,구로동,"구로디지털,구로NC",116828,57813,59015,3056,3583,8480,10359,9091,9311,7806,6127,2819,3395,9634,9314,8250,9027,8717,7859,2
서울특별시-구로구-고척동,서울특별시,구로구,고척동,동양미래대,48248,23938,24310,1364,1986,3250,3035,3559,4190,3738,2816,1290,1912,3065,2832,3563,4225,3909,3514,1
서울특별시-금천구-가산동,서울특별시,금천구,가산동,"가산그레이트밸리,가산디지털단지",24162,13040,11122,322,311,3175,3661,1726,1664,1370,811,315,335,3795,2382,1091,1167,1157,880,2
서울특별시-금천구-독산동,서울특별시,금천구,독산동,독산,103698,52566,51132,2780,2787,8367,9931,7453,8838,7540,4870,2583,2760,8792,8094,6414,8787,7695,6007,1
서울특별시-영등포구-영등포동2가,서울특별시,영등포구,영등포동2가,시청,3942,2179,1763,22,15,572,799,253,228,199,91,32,24,825,509,113,74,93,93,1
서울특별시-영등포구-영등포동4가,서울특별시,영등포구,영등포동4가,영등포,1335,751,584,1,8,116,222,126,126,96,56,5,5,216,177,75,41,29,36,1
서울특별시-영등포구-여의도동,서울특별시,영등포구,여의도동,"여의도화재보험,여의도KBS본관,여의도국회의사당, 성대",32728,15361,17367,1283,1462,1611,2087,2460,2529,1996,1933,1229,1445,1943,2579,2802,2682,2255,2432,4
서울특별시-영등포구-당산동6가,서울특별시,영등포구,당산동6가,당산역,3400,1613,1787,21,41,376,537,181,192,131,134,27,42,649,455,172,140,137,165,1
서울특별시-영등포구-문래동3가,서울특별시,영등포구,문래동3가,문래,13722,6681,7041,638,709,745,809,1245,1030,776,729,581,694,790,996,1288,972,857,863,1
서울특별시-영등포구-양평동4가,서울특별시,영등포구,양평동4가,선유도역,6684,3271,3413,160,163,586,825,487,474,341,235,158,165,781,819,399,375,351,365,1
서울특별시-영등포구-대림동,서울특별시,영등포구,대림동,대림삼거리,48355,24028,24327,1155,1400,3470,3626,3322,4234,3716,3105,1120,1251,3310,3073,3081,4313,4081,4098,1
서울특별시-동작구-노량진동,서울특별시,동작구,노량진동,"노량진역,노량진",31499,16140,15359,652,814,3263,3195,2054,2323,2099,1740,580,815,2996,2286,1684,2260,2348,2390,2
서울특별시-동작구-상도동,서울특별시,동작구,상도동,숭실대,115508,55645,59863,3467,4145,9359,8857,8653,8493,7042,5629,3346,3790,9944,8968,8653,9236,8169,7757,1
서울특별시-동작구-흑석동,서울특별시,동작구,흑석동,중앙대,31027,15059,15968,1098,1102,2413,2066,2375,2436,1932,1637,1049,1053,2277,2114,2287,2659,2196,2333,1
서울특별시-동작구-신대방동,서울특별시,동작구,신대방동,보라매,45522,21816,23706,1511,2032,3289,3436,3486,3388,2550,2124,1411,2088,3882,3491,3761,3438,2879,2756,1
서울특별시-관악구-봉천동,서울특별시,관악구,봉천동,"서울대,낙성대역",224939,109486,115453,5060,6889,23904,20930,15460,14612,12035,10596,4673,6742,27721,18739,14529,14860,14182,14007,2
서울특별시-관악구-신림동,서울특별시,관악구,신림동,"신림,신림역",244133,126686,117447,4216,6363,27855,24820,18134,18131,14821,12346,4002,5967,26717,17851,14469,16565,16417,15459,2
서울특별시-서초구-방배동,서울특별시,서초구,방배동,방배,98435,45954,52481,3152,5003,5909,6024,7615,7492,5796,4963,3077,5251,6464,7424,9176,8245,6737,6107,1
서울특별시-서초구-반포동,서울특별시,서초구,반포동,"신논현,논현역",69634,33380,36254,3255,4559,3644,4070,6667,5289,3243,2653,3048,4574,4066,5028,7598,4867,3828,3245,2
서울특별시-서초구-서초동,서울특별시,서초구,서초동,"서초법원,교대",108941,52377,56564,4040,5868,6972,7679,9085,8323,5635,4775,3815,5220,8055,9221,10345,8277,6245,5386,2
서울특별시-강남구-역삼동,서울특별시,강남구,역삼동,"테헤란로,선정릉역,선릉,언주역,역삼,강남우성,강남역",71849,34246,37603,1643,3369,5008,6992,7038,5249,2693,2254,1704,3741,6751,7494,7756,4471,2999,2687,7
서울특별시-강남구-개포동,서울특별시,강남구,개포동,포이사거리,61923,29585,32338,2108,2946,3791,3972,4691,4905,4159,3013,1993,3004,3671,4410,5275,5277,4965,3743,1
서울특별시-강남구-삼성동,서울특별시,강남구,삼성동,"삼성,봉은사역",43649,21057,22592,1544,2713,2736,2962,3810,3485,1983,1824,1415,2139,2838,3647,4605,3451,2312,2185,2
서울특별시-강남구-신사동,서울특별시,강남구,신사동,압구정역,11357,5243,6114,294,441,699,967,926,771,522,623,280,436,915,1106,1060,790,723,804,1
서울특별시-강남구-논현동,서울특별시,강남구,논현동,"학동역,신사",42814,20069,22745,805,1024,3392,4516,3601,2899,1980,1852,797,1066,4275,5033,3907,2952,2420,2295,2
서울특별시-강남구-일원동,서울특별시,강남구,일원동,대청,44541,22364,22177,1699,3312,2861,2544,3615,3676,2809,1848,1502,2305,2568,2675,4086,3604,3206,2231,1
서울특별시-강남구-수서동,서울특별시,강남구,수서동,수서역,22520,10341,12179,733,816,1035,1547,1582,1441,1802,1385,632,691,972,1694,1651,1780,2442,2317,1
서울특별시-송파구-잠실동,서울특별시,송파구,잠실동,잠실새내역,106376,50639,55737,4102,6104,6167,6272,9296,8245,5857,4596,3943,6189,6918,7773,10567,8211,6822,5314,1
서울특별시-송파구-신천동,서울특별시,송파구,신천동,잠실역,37874,18079,19795,1918,2201,1838,1934,3404,2743,2338,1703,1860,2072,1892,2678,3774,2990,2626,1903,1
서울특별시-송파구-송파동,서울특별시,송파구,송파동,"석촌역,석촌호수,송파역",42866,20307,22559,1275,1477,3070,3969,3058,2966,2659,1833,1216,1560,3751,4093,3363,3380,3118,2078,3
서울특별시-송파구-문정동,서울특별시,송파구,문정동,"문정역,문정법조",62277,29624,32653,1778,1952,4355,6279,4576,4235,3850,2599,1775,1903,5453,6866,4838,4673,4257,2888,2
서울특별시-강동구-명일동,서울특별시,강동구,명일동,고덕역,43078,20980,22098,1626,2607,2548,2833,3354,3273,2906,1833,1583,2220,2567,2974,3889,3360,3381,2124,1
서울특별시-강동구-상일동,서울특별시,강동구,상일동,상일동,50786,24709,26077,3027,2912,2650,3282,4661,3504,2962,1711,2917,2751,2766,3858,4709,3729,3340,2007,1
서울특별시-강동구-길동,서울특별시,강동구,길동,길동역,45299,22139,23160,1168,1445,3139,3746,3426,3511,3406,2298,1040,1315,3595,3512,3307,3665,3922,2804,1
서울특별시-강동구-성내동,서울특별시,강동구,성내동,천호역,66044,32199,33845,1863,2321,4674,5384,5010,5159,4490,3298,1659,2038,5118,5245,5055,5431,5261,4038,1
서울특별시-강동구-천호동,서울특별시,강동구,천호동,"강동성심병원,천호",85923,41969,43954,2116,2302,5856,7539,6336,6830,6544,4446,1939,2149,6964,7344,5992,6871,6977,5718,2
부산광역시-중구-중앙동,부산광역시,중구,중앙동,"부산중앙,부산롯데백화점광복",2600,1228,1372,13,15,308,292,173,172,164,91,7,19,548,302,132,125,122,117,2
부산광역시-중구-광복동,부산광역시,중구,광복동,부산광복,113,27,29,2,0,2,2,2,7,9,3,0,4,2,0,3,6,7,7,1
부산광역시-서구-부민동,부산광역시,서구,부민동,부산부민,4763,2257,2506,141,198,359,283,315,366,340,255,121,194,461,288,333,348,387,374,1
부산광역시-동구-초량동,부산광역시,동구,초량동,부산역,29476,14420,15056,865,865,1759,2152,2204,2448,2229,1898,787,789,1945,2032,1971,2161,2497,2874,1
부산광역시-동구-수정동,부산광역시,동구,수정동,부산진역,22761,10939,11822,398,685,1192,1165,1468,1932,2063,2036,356,627,1143,990,1294,1841,2410,3161,1
부산광역시-영도구-영선동1가,부산광역시,영도구,영선동1가,부산영도,1232,602,630,25,31,73,60,86,93,113,121,21,28,62,61,74,87,152,145,1
부산광역시-부산진구-양정동,부산광역시,부산진구,양정동,부산양정,31507,14684,16823,749,949,2405,2225,2197,2378,2142,1639,744,984,3079,2367,2156,2560,2465,2468,1
부산광역시-부산진구-부전동,부산광역시,부산진구,부전동,"부산서면,부산서면롯데,부산서면동천로",19511,9678,9833,389,323,2168,1836,1344,1468,1340,810,371,341,2923,1617,1076,1180,1264,1061,3
부산광역시-부산진구-가야동,부산광역시,부산진구,가야동,부산동의대,35599,17571,18028,814,1277,2649,2072,2513,2899,2969,2378,829,1241,2233,1810,2289,2986,3521,3119,1
부산광역시-부산진구-개금동,부산광역시,부산진구,개금동,부산개금,55770,26906,28864,1656,2014,3875,3476,3961,4443,4513,2968,1608,2104,3909,3361,3827,4860,5010,4185,1
부산광역시-동래구-명륜동,부산광역시,동래구,명륜동,부산명륜,25783,12669,13114,1333,1886,1251,1367,2519,1981,1318,1014,1228,1540,1205,1575,2715,1970,1539,1342,1
부산광역시-동래구-사직동,부산광역시,동래구,사직동,부산사직,53557,25957,27600,2213,3444,2991,2564,4794,4264,3272,2415,2016,3349,2715,2729,5280,4340,3871,3300,1
부산광역시-남구-대연동,부산광역시,남구,대연동,"부산부경대,부산경성대,부산대연",92657,45341,47316,3244,4161,8175,5580,7307,6576,5453,4845,3063,4003,7615,5318,7279,6873,6714,6451,3
부산광역시-남구-용호동,부산광역시,남구,용호동,부산W스퀘어,80618,38826,41792,2578,4159,4421,3592,6181,6737,6247,4911,2538,4020,3762,3639,6701,7178,7334,6620,1
부산광역시-북구-화명동,부산광역시,북구,화명동,부산화명,87276,42630,44646,3638,4807,5933,5035,6303,7702,6105,3107,3513,4455,5192,5242,7255,8929,5960,4100,1
부산광역시-북구-덕천동,부산광역시,북구,덕천동,부산덕천,33218,16350,16868,552,859,2210,2180,2165,2844,3244,2296,520,780,2042,1582,1861,2963,3705,3415,1
부산광역시-해운대구-반여동,부산광역시,해운대구,반여동,부산반여,70293,34496,35797,2101,3311,4321,3776,5356,6252,5642,3737,1974,3077,3605,3524,5527,6625,6203,5262,1
부산광역시-해운대구-우동,부산광역시,해운대구,우동,"부산센텀,부산벡스코",81051,38418,42633,3408,3937,4365,4385,6231,6513,5460,4119,3247,3774,4206,5123,7187,7455,6318,5323,2
부산광역시-해운대구-중동,부산광역시,해운대구,중동,부산해운대비치,43662,20910,22752,1731,1951,2464,2702,3580,3661,2859,1962,1640,1787,2403,2954,3940,4033,3328,2667,1
부산광역시-해운대구-좌동,부산광역시,해운대구,좌동,부산좌동,88166,41190,46976,2885,4641,5917,5049,6077,7366,5575,3680,2681,4444,5940,5535,7742,8749,6013,5872,1
부산광역시-사하구-하단동,부산광역시,사하구,하단동,"부산동아대,부산하단아트몰링",46576,23316,23260,1230,1756,4653,3260,3267,3555,3399,2196,1118,1739,3939,2642,3056,3914,3924,2928,2
부산광역시-금정구-장전동,부산광역시,금정구,장전동,"부산대,부산대역",44199,22018,22181,1580,1982,5042,2726,3371,2802,2434,2081,1510,1753,3975,2517,3397,3056,3000,2973,2
부산광역시-금정구-부곡동,부산광역시,금정구,부곡동,부산장전역,53684,25737,27947,1347,2029,3491,3065,3693,4362,4310,3440,1256,1939,3204,2738,3766,4806,5319,4919,1
부산광역시-강서구-명지동,부산광역시,강서구,명지동,"부산명지국제신도시,부산명지",84148,42129,42019,7272,4859,3410,8022,9466,4201,3293,1606,6915,4789,3431,8760,8397,4200,3632,1895,2
부산광역시-연제구-거제동,부산광역시,연제구,거제동,"부산법원,부산홈플러스아시아드",60614,29132,31482,2085,3423,3407,2858,4723,4936,4152,3548,1979,3185,3118,2967,5406,5232,4877,4718,2
부산광역시-연제구-연산동,부산광역시,연제구,연산동,"부산시청,부산토곡,부산연산트레이더스",145281,69808,75473,4730,4818,8768,10186,10687,10872,11295,8452,4693,4688,8845,9948,10490,12307,13300,11202,3
부산광역시-수영구-민락동,부산광역시,수영구,민락동,부산광안비치,28485,13717,14768,1093,897,1711,1980,2204,2168,2088,1576,1040,880,1566,2056,2098,2431,2620,2077,1
부산광역시-수영구-남천동,부산광역시,수영구,남천동,부산남천,25830,11945,13885,703,1167,1512,1369,1716,2089,1843,1546,752,1084,1531,1414,2097,2513,2320,2174,1
부산광역시-사상구-괘법동,부산광역시,사상구,괘법동,부산사상,22668,11726,10942,501,532,2112,1911,1501,2069,2067,1033,464,464,2326,1495,1226,1849,1920,1198,1
부산광역시-사상구-주례동,부산광역시,사상구,주례동,부산주례,50637,25335,25302,1415,1981,3903,3257,3596,4233,4375,2575,1325,1916,3514,2769,3375,4626,4495,3282,1
부산광역시-기장군-정관읍,부산광역시,기장군,정관읍,부산정관,7322,3658,3664,571,409,292,671,871,382,277,185,558,381,264,706,821,396,336,202,1
대구광역시-중구-공평동,대구광역시,중구,공평동,대구동성로2호,277,149,128,1,4,39,32,16,24,21,12,0,2,46,19,10,15,16,20,1
대구광역시-중구-동성로2가,대구광역시,중구,동성로2가,대구동성로,26,17,9,2,1,2,3,4,0,3,2,0,0,2,0,1,1,4,1,1
대구광역시-중구-남산동,대구광역시,중구,남산동,대구반월당,31826,15013,16813,1305,1306,1818,2240,2376,2329,1863,1776,1238,1217,1879,2231,2516,2484,2395,2853,1
대구광역시-동구-봉무동,대구광역시,동구,봉무동,대구아시아폴리스,15122,7381,7741,872,1026,753,866,1527,1061,788,488,884,984,659,997,1649,1122,861,585,1
대구광역시-동구-검사동,대구광역시,동구,검사동,대구동촌DT,10237,5156,5081,303,316,826,726,679,822,832,652,302,282,668,578,609,908,875,859,1
대구광역시-동구-율하동,대구광역시,동구,율하동,대구율하롯데몰,32608,15936,16672,1487,1651,1901,2110,2819,2367,2161,1440,1368,1532,1703,2072,2760,2556,2638,2043,1
대구광역시-서구-내당동,대구광역시,서구,내당동,대구광장,35104,16989,18115,692,1051,2346,2301,2309,3016,2987,2287,650,969,2165,1799,2075,3336,3702,3419,1
대구광역시-서구-평리동,대구광역시,서구,평리동,대구평리DT,48252,24251,24001,1207,1568,3021,2880,3491,4666,4510,2908,1119,1512,2496,2211,2995,4615,4886,4167,1
대구광역시-남구-봉덕동,대구광역시,남구,봉덕동,대구FC(미군부대),37612,17959,19653,1038,1360,2108,2200,2596,3113,2943,2601,955,1338,2034,2046,2741,3240,3484,3815,1
대구광역시-남구-대명동,대구광역시,남구,대명동,대구교대,92203,44361,47842,1741,2716,6837,6066,6060,7566,7346,6029,1677,2483,7176,5097,5699,7905,8590,9215,1
대구광역시-북구-침산동,대구광역시,북구,침산동,대구침산,41943,20384,21559,1839,2355,2397,2386,3516,3456,2559,1876,1753,2235,2160,2458,3798,3637,2827,2691,1
대구광역시-북구-산격동,대구광역시,북구,산격동,대구경북대북문,37444,19009,18435,585,1174,3587,2439,2363,3242,3241,2378,598,1054,2878,1567,1950,3237,3524,3627,1
대구광역시-북구-구암동,대구광역시,북구,구암동,대구칠곡3지구,34591,16987,17604,1071,2329,2728,1699,2676,3551,1958,975,1108,2131,2358,1548,3248,3680,1883,1648,1
대구광역시-수성구-범어동,대구광역시,수성구,범어동,대구수성구청역,68259,32971,35288,3024,5360,4058,3121,6293,5695,3053,2367,2946,5163,3694,3748,7528,5661,3260,3288,1
대구광역시-수성구-지산동,대구광역시,수성구,지산동,대구지산,39767,18867,20900,928,1755,2833,2041,2456,3451,3078,2325,822,1555,2451,1836,2924,4147,3633,3532,1
대구광역시-수성구-신매동,대구광역시,수성구,신매동,대구시지,30642,14750,15892,1091,2157,2127,1451,2284,2690,1848,1102,964,2053,1880,1503,2880,3041,1935,1636,1
대구광역시-달서구-신당동,대구광역시,달서구,신당동,대구계대동문,16707,8410,8297,253,499,1989,1106,973,1663,1284,643,207,529,1816,691,855,1655,1317,1227,1
대구광역시-달서구-상인동,대구광역시,달서구,상인동,대구상인역,65820,32183,33637,1922,3304,4763,3854,4259,5725,5230,3126,1742,2757,3975,3302,4824,6565,5926,4546,1
대구광역시-달서구-월성동,대구광역시,달서구,월성동,대구월성,53261,25759,27502,2156,4224,2992,2170,4971,4598,2716,1932,2090,4047,2482,2401,5887,4250,3145,3200,1
대구광역시-달성군-다사읍,대구광역시,달성군,다사읍,대구다사,91271,45554,45717,5746,5221,4873,7340,9077,6421,4525,2351,5593,4854,4399,7383,8614,6929,4846,3099,1
대구광역시-달성군-현풍읍,대구광역시,달성군,현풍읍,대구테크노폴리스,23115,12149,10966,1132,990,1803,2393,2070,1552,1371,838,1087,876,1287,1780,1647,1506,1418,1365,1
인천광역시-중구-운서동,인천광역시,중구,운서동,인천운서메가스타,35736,18923,16813,1049,1831,3910,3754,3290,2908,1309,872,925,1666,4101,2632,2895,2211,1204,1179,1
인천광역시-미추홀구-용현동,인천광역시,미추홀구,용현동,인천인하대,89897,45745,44152,2884,3911,7710,6105,7250,7342,6008,4535,2743,3597,6331,5269,6520,7038,6488,6166,1
인천광역시-미추홀구-주안동,인천광역시,미추홀구,주안동,인천주안역,134625,67469,67156,3582,4619,9642,10350,10833,11323,9845,7275,3493,4418,8926,8512,9384,11140,11200,10083,1
인천광역시-연수구-연수동,인천광역시,연수구,연수동,인천연수,55587,28129,27458,1470,2171,4267,4249,4141,5116,4414,2301,1381,1983,3543,3490,3820,5311,4252,3678,1
인천광역시-연수구-송도동,인천광역시,연수구,송도동,"인천송도,인천송도센트럴파크,인천송도트리플스트리트,인천송도지웰푸르지오시티",188775,92831,95944,11966,12948,11241,13673,18728,13850,7510,2915,11580,12449,11288,15890,20146,13589,7268,3734,4
인천광역시-남동구-구월동,인천광역시,남동구,구월동,"인천구월동로데오,인천모래내시장역,인천길병원",111307,55082,56225,4070,5244,8086,7997,9852,8933,6951,3949,3734,4987,8521,7643,9239,9240,7449,5412,3
인천광역시-남동구-서창동,인천광역시,남동구,서창동,인천서창,53319,26447,26872,3248,3170,2502,3830,5496,3508,3091,1602,3049,2843,2435,4191,5111,3831,3321,2091,1
인천광역시-남동구-논현동,인천광역시,남동구,논현동,인천논현,104626,52191,52435,4392,6312,6954,6805,9537,9229,5778,3184,4103,6125,5999,6484,9867,9050,6220,4587,1
인천광역시-부평구-부평동,인천광역시,부평구,부평동,"인천부평시장역,인천부평중앙,인천성모병원",138024,67594,70430,4230,4744,10034,12015,10973,11026,8829,5743,4171,4633,10761,10786,10188,11942,9852,8097,3
인천광역시-부평구-십정동,인천광역시,부평구,십정동,인천동암,52663,26932,25731,1440,1853,3519,4218,3949,4957,4344,2652,1339,1619,3318,3423,3446,4714,4277,3595,1
인천광역시-부평구-산곡동,인천광역시,부평구,산곡동,인천산곡역,82089,40094,41995,2673,4221,5423,4694,6075,7113,6098,3797,2444,3833,4839,4746,6438,7736,6599,5360,1
인천광역시-부평구-삼산동,인천광역시,부평구,삼산동,인천삼산,61849,30075,31774,2032,3772,4208,3222,5032,5836,3970,2003,1978,3552,3840,3274,5610,6116,4034,3370,1
인천광역시-부평구-갈산동,인천광역시,부평구,갈산동,인천갈산,34036,16830,17206,884,1310,2424,2475,2346,3025,2825,1541,856,1184,2108,2197,2260,3369,2965,2267,1
인천광역시-계양구-계산동,인천광역시,계양구,계산동,인천계산역,63222,31848,31374,1224,2251,4993,4602,4351,6511,5561,2355,1190,2114,4581,3850,4139,6799,5298,3403,1
인천광역시-계양구-작전동,인천광역시,계양구,작전동,인천작전,73045,36056,36989,2090,3145,5544,5021,5377,7001,5434,2444,2041,3123,4916,4538,5465,7667,5467,3772,1
인천광역시-계양구-용종동,인천광역시,계양구,용종동,인천계양구청,13314,6617,6697,460,712,1027,761,1003,1399,966,289,449,716,943,727,1099,1523,778,462,1
인천광역시-서구-심곡동,인천광역시,서구,심곡동,인천서구청,21244,10674,10570,543,813,1781,1394,1473,2149,1656,865,536,791,1575,1165,1412,2251,1539,1301,1
인천광역시-서구-당하동,인천광역시,서구,당하동,인천완정역,52548,26182,26366,2969,3305,3061,4185,5317,4114,2144,1087,2862,3110,3077,4185,5332,4041,2178,1581,1
인천광역시-서구-왕길동,인천광역시,서구,왕길동,인천검단사거리,19741,9849,9892,792,1131,1262,1208,1768,1764,1253,671,790,1082,1231,1192,1738,1762,1130,967,1
인천광역시-서구-청라동,인천광역시,서구,청라동,인천청라,112687,55960,56727,7168,7850,6333,8963,11566,8059,4389,1632,6799,7495,6473,9677,11997,7771,4264,2251,1
광주광역시-동구-황금동,광주광역시,동구,황금동,광주충장로,56,36,20,1,3,5,8,2,8,1,8,1,2,2,2,5,2,2,4,1
광주광역시-서구-광천동,광주광역시,서구,광천동,광주유스퀘어,7805,4023,3782,257,278,511,466,672,783,600,456,226,262,453,418,511,689,625,598,1
광주광역시-서구-치평동,광주광역시,서구,치평동,광주상무,31271,14947,16324,1034,1517,2640,2175,2282,2678,1600,1021,1068,1397,2862,2177,2610,3031,1632,1547,1
광주광역시-서구-금호동,광주광역시,서구,금호동,광주금호,48108,23256,24852,1801,3054,3616,2369,3682,4381,2709,1644,1644,2885,3060,2491,4432,4831,3015,2494,1
광주광역시-남구-주월동,광주광역시,남구,주월동,광주주월,28349,13824,14525,1008,1420,1978,1678,2147,2202,1917,1474,959,1335,1873,1599,2244,2447,2187,1881,1
광주광역시-남구-봉선동,광주광역시,남구,봉선동,광주봉선,41761,19499,22262,1751,3094,2482,1886,3475,2982,2178,1651,1750,3041,2364,2176,4153,3441,2749,2588,1
광주광역시-북구-용봉동,광주광역시,북구,용봉동,광주전남대후문,38047,18942,19105,1237,1829,3735,2518,2689,3139,2256,1539,1228,1675,3293,2178,2692,3470,2513,2056,1
광주광역시-북구-운암동,광주광역시,북구,운암동,광주운암,44041,21504,22537,1501,2284,3052,2554,3108,3527,3171,2307,1476,2170,2717,2404,3388,3859,3658,2865,1
광주광역시-북구-우산동,광주광역시,북구,우산동,광주하남,10161,4928,5233,186,319,626,500,644,882,927,844,166,300,592,420,535,841,1096,1283,1
광주광역시-북구-오치동,광주광역시,북구,오치동,광주오치,22962,11457,11505,503,907,1757,1428,1596,2165,1882,1219,519,779,1566,1200,1394,2215,1976,1856,1
광주광역시-북구-일곡동,광주광역시,북구,일곡동,광주일곡,29544,14444,15100,1102,2356,2405,1380,2269,2848,1323,761,1027,1963,2039,1484,2951,2951,1410,1275,1
광주광역시-북구-신용동,광주광역시,북구,신용동,광주신용,29527,14621,14906,2075,2017,1620,2325,3287,1887,948,462,1958,1899,1470,2480,3228,2010,1122,739,1
광주광역시-광산구-선암동,광주광역시,광산구,선암동,광주선운,13195,6829,6366,1011,767,714,1235,1575,808,498,221,958,767,549,1259,1214,760,511,348,1
광주광역시-광산구-수완동,광주광역시,광산구,수완동,광주수완,22452,11165,11287,1292,2104,1591,1180,2459,1794,527,218,1223,2097,1605,1277,2812,1450,498,325,1
광주광역시-광산구-월계동,광주광역시,광산구,월계동,광주첨단,37624,18881,18743,1175,2203,3731,2465,2719,3681,2111,796,1092,2139,3282,2053,3055,3985,1784,1353,1
광주광역시-광산구-신창동,광주광역시,광산구,신창동,광주신창,36192,18487,17705,1744,2842,2907,2515,3636,3160,1088,595,1733,2569,2602,2265,3922,2609,1084,921,1
대전광역시-동구-가오동,대전광역시,동구,가오동,대전가오,12691,6326,6365,583,1026,777,691,1229,1010,581,429,575,911,669,671,1332,904,679,624,1
대전광역시-동구-용전동,대전광역시,동구,용전동,대전복합터미널,20335,10402,9933,508,702,2015,1671,1623,1699,1326,858,458,709,1965,1230,1423,1572,1397,1179,1
대전광역시-중구-은행동,대전광역시,중구,은행동,대전은행,840,567,273,5,4,34,52,79,151,162,80,4,12,25,25,22,45,65,75,1
대전광역시-중구-오류동,대전광역시,중구,오류동,대전오류,10560,4940,5620,279,402,710,639,701,847,698,664,314,375,795,673,721,957,797,988,1
대전광역시-중구-태평동,대전광역시,중구,태평동,대전태평,38279,18409,19870,1368,2229,2270,1690,2972,3279,2407,2194,1295,2176,2009,1783,3410,3413,2781,3003,1
대전광역시-서구-용문동,대전광역시,서구,용문동,대전용문,12222,5862,6360,264,300,1156,1095,857,835,763,592,264,278,1300,998,811,894,934,881,1
대전광역시-서구-탄방동,대전광역시,서구,탄방동,대전탄방점,26774,12867,13907,807,1189,2455,2318,2008,1986,1373,731,702,1059,2827,2266,2283,2189,1511,1070,1
대전광역시-서구-둔산동,대전광역시,서구,둔산동,"대전시청,대전둔산",71158,34508,36650,2818,5199,4723,3803,5774,6083,3798,2310,2621,4794,4506,4187,7179,6260,4004,3099,2
대전광역시-서구-월평동,대전광역시,서구,월평동,대전월평선사,46487,23059,23428,1341,2240,3890,3109,3146,3905,3559,1869,1287,2009,3265,2802,3316,4344,3629,2776,1
대전광역시-서구-도안동,대전광역시,서구,도안동,대전목원대,35877,17617,18260,2840,2306,1915,2948,3686,2182,1275,465,2730,2207,2061,3360,3711,2247,1332,612,1
대전광역시-서구-관저동,대전광역시,서구,관저동,"대전관저,대전건양대병원",64457,31232,33225,3357,3896,4542,4491,5424,5102,2828,1592,3232,3659,4631,4718,6069,5401,3082,2433,2
대전광역시-유성구-봉명동,대전광역시,유성구,봉명동,대전유성터미널,27727,13732,13995,899,874,2736,2963,2110,1943,1437,770,850,866,3026,2560,2071,2006,1567,1049,1
대전광역시-유성구-구암동,대전광역시,유성구,구암동,대전충남대정문,11142,5797,5345,208,291,1070,1022,779,997,850,580,189,249,965,695,619,938,860,830,1
대전광역시-유성구-지족동,대전광역시,유성구,지족동,대전노은점,42067,20612,21455,2441,2821,2330,2970,4035,3145,1804,1066,2318,2635,2159,3210,4422,3327,1944,1440,1
대전광역시-유성구-궁동,대전광역시,유성구,궁동,"대전궁동,대전충남대정문",6087,3547,2540,50,120,1919,586,231,292,187,162,67,133,1264,258,172,227,216,203,2
대전광역시-유성구-구성동,대전광역시,유성구,구성동,"대전카이스트,대전우송대",603,420,183,18,7,275,89,25,5,1,0,19,6,103,43,8,3,1,0,2
대전광역시-유성구-전민동,대전광역시,유성구,전민동,대전전민,22181,11256,10925,927,1394,2015,1694,1609,1902,1225,490,857,1354,1594,1393,1833,1993,1132,769,1
대전광역시-유성구-관평동,대전광역시,유성구,관평동,대전관평,23334,11975,11359,1224,1962,1672,1650,2305,2030,797,335,1193,1722,1429,1558,2540,1680,752,485,1
대전광역시-대덕구-오정동,대전광역시,대덕구,오정동,대전한남대,14318,7558,6760,279,527,1180,859,1047,1396,1381,889,275,439,1028,628,778,1189,1330,1093,1
대전광역시-대덕구-송촌동,대전광역시,대덕구,송촌동,대전송촌,26751,13220,13531,874,1787,2083,1302,2033,2784,1587,770,894,1722,1795,1216,2480,2845,1456,1123,1
울산광역시-중구-교동,울산광역시,중구,교동,울산성남,2678,1370,1308,41,52,152,162,173,252,329,209,37,48,139,98,136,212,312,326,1
울산광역시-남구-무거동,울산광역시,남구,무거동,울산무거,51891,26553,25338,1554,2483,4942,3120,3592,5547,3653,1662,1411,2279,3653,2571,3765,5772,3567,2320,1
울산광역시-남구-옥동,울산광역시,남구,옥동,울산옥동,22625,11325,11300,797,1521,1679,1187,1584,2223,1615,719,726,1274,1199,1127,2014,2455,1649,856,1
울산광역시-남구-신정동,울산광역시,남구,신정동,울산공업탑,87590,44538,43052,2961,4279,6117,5833,6853,8297,6531,3667,2835,3797,4884,4932,6915,8261,6745,4683,1
울산광역시-남구-달동,울산광역시,남구,달동,울산달동,40649,20897,19752,1074,1488,3470,3508,3179,3738,3003,1437,1056,1296,2837,2657,3083,3812,3207,1804,1
울산광역시-남구-삼산동,울산광역시,남구,삼산동,울산삼산,34915,18077,16838,1312,1749,2851,2818,2918,3484,2146,799,1234,1560,2315,2379,3002,3434,1975,939,1
울산광역시-남구-야음동,울산광역시,남구,야음동,울산야음,55643,28007,27636,2711,2901,3191,4045,4558,4876,3739,1986,2631,2697,2679,3814,4709,4695,3918,2493,1
울산광역시-동구-일산동,울산광역시,동구,일산동,울산일산,5526,2960,2566,106,178,398,409,480,483,546,360,107,157,265,258,322,459,620,378,1
울산광역시-북구-진장동,울산광역시,북구,진장동,울산진장,2311,1562,749,37,36,333,340,286,270,210,50,22,22,129,116,116,164,136,44,1
울산광역시-북구-화봉동,울산광역시,북구,화봉동,울산화봉,24606,12503,12103,1070,1297,1896,1863,1936,2336,1495,610,1020,1196,1565,1718,1977,2479,1359,789,1
울산광역시-북구-송정동,울산광역시,북구,송정동,울산송정,12183,6149,6034,1096,641,633,1120,1195,957,412,95,1054,661,527,1256,1131,964,296,145,1
울산광역시-울주군-온산읍,울산광역시,울주군,온산읍,울산덕신,20386,11796,8590,680,859,1523,1750,2243,2524,1463,754,632,735,909,957,1386,1621,1316,1034,1
울산광역시-울주군-범서읍,울산광역시,울주군,범서읍,울산구영,69185,34781,34404,2997,4957,5012,3390,5836,6873,3944,1772,2751,4601,3875,3609,6818,6693,3625,2432,1
,세종특별자치시,,보람동,세종시청,18839,9257,9582,1376,1345,866,1433,1945,1295,721,276,1325,1303,884,1654,2056,1232,745,383,1
,세종특별자치시,,어진동,세종정부청사,9583,4701,4882,596,539,622,1026,995,653,202,68,615,588,821,1045,985,522,199,107,1
경기도-수원시 장안구-천천동,경기도,수원시 장안구,천천동,"수원천천,수원성균관대",30957,15927,15030,1104,2185,3690,1729,2569,2767,1243,640,1106,2008,2696,1599,2910,2620,1140,951,2
경기도-수원시 장안구-송죽동,경기도,수원시 장안구,송죽동,수원장안구청,19279,9556,9723,503,868,1445,1349,1506,1709,1356,820,507,780,1391,1210,1431,1831,1428,1145,1
경기도-수원시 권선구-금곡동,경기도,수원시 권선구,금곡동,수원호매실,45256,22340,22916,2219,2608,2970,3218,4021,3674,2339,1291,2086,2390,2860,3152,4074,3955,2458,1941,1
경기도-수원시 권선구-호매실동,경기도,수원시 권선구,호매실동,수원능실,45722,22681,23041,3258,2448,2321,3866,4695,2953,2083,1057,2982,2445,2299,4180,4257,3173,2180,1525,1
경기도-수원시 팔달구-매산로1가,경기도,수원시 팔달구,매산로1가,"수원로데오,수원역사",993,639,354,8,7,128,83,114,144,114,41,6,4,89,53,60,42,49,51,2
경기도-수원시 팔달구-우만동,경기도,수원시 팔달구,우만동,수원아주대,36815,18400,18415,950,1543,3641,2811,2692,3079,2246,1438,888,1324,3142,2339,2651,3128,2681,2262,1
경기도-수원시 팔달구-인계동,경기도,수원시 팔달구,인계동,수원인계,39599,19886,19713,919,1346,3926,4216,3224,2983,2068,1204,953,1357,4316,3332,2961,2825,2252,1717,1
경기도-수원시 영통구-매탄동,경기도,수원시 영통구,매탄동,수원영통구청,88421,44771,43650,2796,4702,8195,7022,7192,7558,4744,2562,2520,4486,6955,5623,7521,7731,5104,3710,1
경기도-수원시 영통구-이의동,경기도,수원시 영통구,이의동,"광교엘포트,광교경기대후문,광교중앙",52860,25921,26939,2662,3518,3702,4362,5024,3972,1882,799,2327,3357,4534,4811,5497,3726,1660,1027,3
경기도-수원시 영통구-영통동,경기도,수원시 영통구,영통동,"수원경희대,수원영통",82933,41617,41316,3609,5251,6972,7137,7128,6692,3334,1494,3367,4853,6310,6672,7921,6766,3041,2386,2
경기도-수원시 영통구-망포동,경기도,수원시 영통구,망포동,수원망포역,59901,30307,29594,3672,3764,4365,5011,5831,4455,2313,896,3420,3582,3775,5096,5874,4476,2059,1312,1
경기도-성남시 수정구-태평동,경기도,성남시 수정구,태평동,성남태평,56776,29010,27766,1127,1858,4828,4262,4184,5324,4425,3002,1123,1738,4151,3292,3678,4843,4613,4328,1
경기도-성남시 수정구-창곡동,경기도,성남시 수정구,창곡동,"성남남위례역,성남위례",45222,22074,23148,2318,2096,2574,3188,4105,3483,2851,1459,2207,2190,2575,3602,4106,3680,2918,1870,2
경기도-성남시 중원구-금광동,경기도,성남시 중원구,금광동,성남단대오거리역,32205,16012,16193,849,1129,2209,2567,2449,2744,2490,1575,858,1118,2249,2272,2274,2744,2659,2019,1
경기도-성남시 중원구-여수동,경기도,성남시 중원구,여수동,성남시청,10672,5173,5499,641,541,568,997,1053,685,427,261,596,522,654,1124,1061,711,506,325,1
경기도-성남시 분당구-수내동,경기도,성남시 분당구,수내동,분당수내,42025,20438,21587,1584,3383,2595,2128,4087,3607,1685,1369,1521,3186,2475,2378,5012,3262,1766,1987,1
경기도-성남시 분당구-정자동,경기도,성남시 분당구,정자동,분당정자,81583,39282,42301,2802,4217,5561,6546,6590,6335,3987,3244,2708,4003,5781,6755,7710,6565,4314,4465,1
경기도-성남시 분당구-서현동,경기도,성남시 분당구,서현동,분당서현,48351,23612,24739,1708,3210,3370,3059,3968,4112,2506,1679,1590,3047,3188,3097,4769,4246,2533,2269,1
경기도-성남시 분당구-야탑동,경기도,성남시 분당구,야탑동,성남터미널,61222,29911,31311,2199,2411,4186,5031,4549,4492,4230,2813,2118,2408,3936,4752,4776,4997,4512,3812,1
경기도-성남시 분당구-삼평동,경기도,성남시 분당구,삼평동,"판교역,판교브릿지타워,판교테크노벨리",24472,11858,12614,1235,1478,1511,1510,2193,2017,1225,689,1171,1456,1495,1838,2368,2044,1335,907,3
경기도-성남시 분당구-구미동,경기도,성남시 분당구,구미동,"분당오리역,분당미금역",46352,22114,24238,1558,2000,3152,3403,3410,3698,2749,2144,1609,1946,3219,3555,3893,4050,2918,3048,2
경기도-성남시 분당구-운중동,경기도,성남시 분당구,운중동,서판교점,20616,10050,10566,1011,1231,1119,1275,1839,1743,1235,597,912,1180,1104,1555,2053,1773,1252,737,1
경기도-의정부시-의정부동,경기도,의정부시,의정부동,의정부역,57510,28984,28526,1298,1704,5240,5024,4435,5028,3932,2323,1157,1538,5945,4237,3722,4629,3904,3394,1
경기도-안양시 만안구-안양동,경기도,안양시 만안구,안양동,안양1번가,135092,67601,67491,3937,4754,9650,10639,10112,11599,10360,6550,4001,4496,9132,9259,9020,11906,10989,8688,1
경기도-안양시 동안구-비산동,경기도,안양시 동안구,비산동,안양범계,81157,39231,41926,3185,3827,5185,6213,6075,6477,5375,2894,2976,3580,5041,6214,6620,7256,5967,4272,1
경기도-안양시 동안구-관양동,경기도,안양시 동안구,관양동,안양인덕원역,80045,39332,40713,2383,3218,5984,6884,5862,6733,5279,2989,2332,3010,5570,6050,6156,7397,5739,4459,1
경기도-안양시 동안구-관양동,경기도,안양시 동안구,관양동,안양평촌스마트스퀘어,80045,39332,40713,2383,3218,5984,6884,5862,6733,5279,2989,2332,3010,5570,6050,6156,7397,5739,4459,1
경기도-안양시 동안구-호계동,경기도,안양시 동안구,호계동,안양평촌학원가,99961,49346,50615,4035,5306,6799,7465,7820,8266,6426,3229,3930,5072,6392,7309,8278,8874,6554,4206,1
경기도-부천시-심곡동,경기도,부천시,심곡동,부천역,43236,22374,20862,1002,1281,3600,3849,3690,3985,3193,1774,884,1249,3558,2991,2919,3641,3266,2354,1
경기도-부천시-역곡동,경기도,부천시,역곡동,부천역곡역,35118,17194,17924,1015,1417,2448,2323,2825,2793,2600,1773,1001,1346,2288,2293,2703,2952,3010,2331,1
경기도-부천시-중동,경기도,부천시,중동,"부천위브더스테이트,부천시청,부천중동",134475,64774,69701,4774,5774,8993,10622,10179,10514,9509,4409,4573,5690,9456,10764,10944,12328,9881,6065,3
경기도-부천시-상동,경기도,부천시,상동,"부천상동,부천송내역",101758,50024,51734,4025,5658,7105,6816,8035,8837,6662,2886,3842,5375,6698,7193,8925,9552,6262,3887,2
경기도-부천시-옥길동,경기도,부천시,옥길동,부천옥길,29771,14722,15049,2274,1880,1167,1910,3772,1628,1334,757,2122,1858,1112,2461,3479,1689,1410,918,1
경기도-부천시-원종동,경기도,부천시,원종동,부천원종,50522,25129,25393,1220,1995,3976,3351,3537,5107,4005,1938,1165,1922,3688,2808,3460,5210,4058,3082,1
경기도-광명시-광명동,경기도,광명시,광명동,광명사거리역,68735,33781,34954,1919,2816,4403,4610,5290,5768,5397,3578,1935,2656,3910,4143,5141,6059,6261,4849,1
경기도-광명시-철산동,경기도,광명시,철산동,광명철산역,66896,33229,33667,2599,3860,4369,4404,5678,5814,4198,2307,2570,3623,3975,4366,6133,5710,4295,2995,1
경기도-광명시-소하동,경기도,광명시,소하동,광명소하,59379,29249,30130,2186,3655,3788,3495,4945,4997,3816,2367,2108,3420,3361,3354,5291,5000,4307,3289,1
경기도-광명시-일직동,경기도,광명시,일직동,광명일직,21731,10925,10806,1335,1055,1480,2163,2126,1648,858,260,1210,1047,1622,2212,2086,1513,784,332,1
경기도-평택시-평택동,경기도,평택시,평택동,평택로데오,5610,3114,2496,74,116,790,595,382,519,365,273,63,115,606,349,287,392,330,354,1
경기도-평택시-비전동,경기도,평택시,비전동,평택비전,60225,30051,30174,2178,3606,4441,3899,4931,5431,3474,2091,2005,3272,3858,3577,5303,5487,3619,3053,1
경기도-평택시-고덕면,경기도,평택시,고덕면,평택고덕,13360,7128,6232,512,446,1141,1266,1123,1167,851,622,529,425,756,883,827,1138,861,813,1
경기도-동두천시-보산동,경기도,동두천시,보산동,동두천,2870,1379,1491,54,88,178,154,175,264,264,202,69,100,136,134,172,268,279,333,1
경기도-안산시 상록구-일동,경기도,안산시 상록구,일동,안산한양대,27964,14397,13567,789,1203,2273,1994,2545,2872,1698,1023,755,1273,2128,1566,2195,2494,1617,1539,1
경기도-안산시 상록구-이동,경기도,안산시 상록구,이동,안산한대역,20478,10958,9520,431,688,1971,1801,1791,2158,1391,727,437,642,1731,1217,1378,1840,1217,1058,1
경기도-안산시 단원구-고잔동,경기도,안산시 단원구,고잔동,"안산중앙,안산고잔",88633,44422,44211,2839,4362,8059,6532,6479,8318,5667,2166,2768,4136,7881,5743,6789,8738,5115,3041,2
경기도-고양시 덕양구-주교동,경기도,고양시 덕양구,주교동,고양원당,15973,8179,7794,307,610,1202,1005,1132,1728,1399,796,271,497,1037,780,1019,1578,1333,1279,1
경기도-고양시 덕양구-신원동,경기도,고양시 덕양구,신원동,일산고양삼송,22250,10536,11714,1312,1033,940,1476,2195,1482,1300,798,1343,1145,896,1822,2181,1642,1582,1103,1
경기도-고양시 덕양구-원흥동,경기도,고양시 덕양구,원흥동,고양원흥역,24446,11472,12974,999,704,1498,2441,1805,1669,1329,1027,1065,662,1881,2518,1743,1991,1580,1534,1
경기도-고양시 덕양구-화정동,경기도,고양시 덕양구,화정동,일산화정,69222,33566,35656,1989,3537,5141,4310,5005,6507,4243,2834,1902,3324,4986,4207,5813,6852,4015,4557,1
경기도-고양시 덕양구-행신동,경기도,고양시 덕양구,행신동,고양행신,96701,47098,49603,2846,4430,7202,6414,6884,9191,6453,3678,2637,4392,6554,6218,7429,9903,6348,6122,1
경기도-고양시 일산동구-식사동,경기도,고양시 일산동구,식사동,고양식사,40492,19701,20791,2048,2679,2571,2146,3654,3639,2019,945,1930,2563,2597,2511,4170,3689,1878,1453,1
경기도-고양시 일산동구-장항동,경기도,고양시 일산동구,장항동,"일산마두역,일산동구청",37900,18722,19178,1163,1204,2837,3348,3285,3523,2137,1225,1063,1227,3206,3253,3416,3433,1896,1684,2
경기도-고양시 일산동구-마두동,경기도,고양시 일산동구,마두동,고양백마학원가,39595,18841,20754,1135,2662,2831,1718,2825,3847,2412,1411,1107,2578,2800,1969,3693,4042,2313,2252,1
경기도-고양시 일산동구-백석동,경기도,고양시 일산동구,백석동,일산고양터미널,50892,24308,26584,1332,1936,3667,3816,3897,4692,3197,1771,1341,1845,4114,4016,4191,5105,3204,2768,1
경기도-고양시 일산서구-일산동,경기도,고양시 일산서구,일산동,일산후곡,79314,38536,40778,2475,4719,5496,4113,5945,7592,5262,2934,2345,4534,5056,4228,6885,8168,5051,4511,1
경기도-고양시 일산서구-주엽동,경기도,고양시 일산서구,주엽동,일산주엽역,55822,26139,29683,1711,3048,3545,3156,3991,4701,3407,2580,1649,2968,3513,3359,4768,5500,3569,4357,1
경기도-고양시 일산서구-탄현동,경기도,고양시 일산서구,탄현동,일산탄현,50732,24732,26000,2115,2657,3571,3293,4069,4727,2738,1562,2009,2552,3415,3364,4387,5025,2663,2585,1
경기도-고양시 일산서구-대화동,경기도,고양시 일산서구,대화동,"일산대화역,일산레이킨스몰",55697,27167,28530,1771,2518,4394,3926,4139,5049,3415,1955,1827,2327,4226,3928,4469,5582,3372,2799,2
경기도-남양주시-별내동,경기도,남양주시,별내동,남양주별내,80139,38962,41177,4194,3676,4594,6284,7243,5753,4531,2687,4075,3719,4867,6529,7284,6221,4964,3518,1
경기도-남양주시-다산동,경기도,남양주시,다산동,남양주다산역,130130,63685,66445,8282,7086,6931,9521,13520,8714,5803,3828,7992,6902,7157,10911,13014,8843,6673,4953,1
경기도-오산시-수청동,경기도,오산시,수청동,오산대역,16291,8261,8030,715,873,1075,1402,1650,1245,834,467,751,848,1101,1241,1449,1178,833,629,1
경기도-시흥시-대야동,경기도,시흥시,대야동,시흥대야,43453,21901,21552,1739,1731,3276,3419,3369,3993,3080,1294,1664,1676,2917,3199,3104,4192,2821,1979,1
경기도-시흥시-은행동,경기도,시흥시,은행동,시흥은계,55484,27659,27825,3462,3005,3212,4351,5329,4247,2823,1230,3468,2837,3021,4620,4959,4445,2737,1738,1
경기도-시흥시-정왕동,경기도,시흥시,정왕동,시흥정왕,113294,64387,48907,3358,5496,10650,9910,12998,12820,6525,2630,3319,5109,7096,6128,8795,9724,4908,3828,1
경기도-시흥시-배곧동,경기도,시흥시,배곧동,시흥배곧신도시,70664,36023,34641,5005,4320,4426,6662,8176,4565,2184,685,4884,4335,4146,6449,7345,4465,2073,944,1
경기도-군포시-산본동,경기도,군포시,산본동,"산본사거리,산본로데오",109525,53371,56154,3505,5641,7509,7230,8234,9377,7323,4552,3344,5279,6975,6761,9014,10102,7892,6787,2
경기도-군포시-금정동,경기도,군포시,금정동,군포AK플라자금정,51428,25405,26023,1548,1963,3724,4378,3767,4379,3529,2117,1389,1861,3510,3809,3836,4548,3927,3143,1
경기도-의왕시-포일동,경기도,의왕시,포일동,의왕포일,24914,12158,12756,1100,1120,1701,1879,1964,2156,1450,788,1059,1067,1701,1838,1977,2360,1595,1159,1
경기도-하남시-망월동,경기도,하남시,망월동,하남미사역,79843,39529,40314,3992,3638,5008,8290,8142,4890,3289,2280,3691,3589,6168,7855,7613,4755,3767,2876,1
경기도-용인시 처인구-김량장동,경기도,용인시 처인구,김량장동,용인김량장,20279,10097,10182,623,899,1710,1484,1629,1686,1283,783,618,901,1620,1209,1504,1751,1379,1200,1
경기도-용인시 처인구-역북동,경기도,용인시 처인구,역북동,용인처인,31949,16155,15794,1740,1599,2762,2776,2952,2090,1397,839,1629,1605,2534,2600,2750,2202,1373,1101,1
경기도-용인시 기흥구-신갈동,경기도,용인시 기흥구,신갈동,용인기흥구청,38028,18963,19065,1547,1788,2461,3057,3201,3212,2128,1569,1503,1675,2434,2791,3189,3117,2132,2224,1
경기도-용인시 기흥구-고매동,경기도,용인시 기흥구,고매동,용인기흥롯데프리미엄아울렛,4978,2557,2421,152,260,339,316,412,456,348,274,137,183,293,272,396,425,362,353,1
경기도-용인시 기흥구-중동,경기도,용인시 기흥구,중동,용인동백,47415,23142,24273,2351,3718,2637,2110,4662,3832,1802,2030,2176,3543,2554,2518,5335,3440,2136,2571,1
경기도-용인시 기흥구-보정동,경기도,용인시 기흥구,보정동,용인죽전,35892,17613,18279,1539,2282,2141,1733,3306,2938,1718,1956,1403,2168,2033,1969,3701,2802,1897,2306,1
경기도-용인시 수지구-풍덕천동,경기도,용인시 수지구,풍덕천동,용인수지,76643,37999,38644,3463,4694,4989,6092,7025,5939,3176,2621,3275,4392,4845,5926,7404,5659,3347,3796,1
경기도-용인시 수지구-동천동,경기도,용인시 수지구,동천동,용인동천,46721,22948,23773,2669,2612,2597,3367,4491,3493,2079,1640,2483,2566,2600,3812,4667,3354,2306,1985,1
경기도-용인시 수지구-성복동,경기도,용인시 수지구,성복동,수지롯데몰,54550,26326,28224,2644,3332,2943,2463,4878,4329,2705,3032,2542,3458,2773,3196,5596,4214,3116,3329,1
경기도-용인시 수지구-상현동,경기도,용인시 수지구,상현동,광교상현역,80966,39120,41846,3729,5168,4809,4855,7351,6316,3396,3496,3665,4986,5020,5487,8038,6360,3925,4365,1
경기도-파주시-월롱면,경기도,파주시,월롱면,파주LGD,9813,6660,3153,68,136,2311,1345,774,866,721,439,70,112,709,355,272,489,562,584,1
경기도-안성시-동본동,경기도,안성시,동본동,안성중앙,254,121,133,4,13,18,11,16,18,19,22,3,12,7,9,15,29,28,30,1
경기도-김포시-장기동,경기도,김포시,장기동,"김포장기동,김포라베니체마치에비뉴",79594,38862,40732,4641,5529,3894,5016,8851,5384,3168,2379,4610,5472,3804,5779,8873,5259,3769,3166,2
경기도-김포시-사우동,경기도,김포시,사우동,김포사우,22341,11208,11133,746,1055,1539,1466,1848,2028,1527,999,653,972,1367,1316,1781,2087,1556,1401,1
경기도-김포시-풍무동,경기도,김포시,풍무동,김포풍무역,61113,29738,31375,3098,3531,3608,4025,5686,4543,2989,2258,2890,3432,3846,4519,5853,4693,3328,2814,1
경기도-화성시-진안동,경기도,화성시,진안동,화성병점,20838,12317,8521,501,706,2838,2855,2286,1670,928,533,522,653,1559,1529,1330,1224,924,780,1
경기도-화성시-반송동,경기도,화성시,반송동,"동탄센트럴파크,동탄하이페리온,동탄나루",71064,35783,35281,3835,5626,5038,5109,7478,5434,2120,1143,3739,5511,4450,5150,7954,4766,2161,1550,3
경기도-화성시-오산동,경기도,화성시,오산동,동탄역,38289,19542,18747,2728,2203,2755,4136,4041,2358,935,386,2582,2076,2800,4006,3725,2090,959,509,1
경기도-화성시-청계동,경기도,화성시,청계동,동탄카림,52821,26207,26614,3972,4805,2156,3334,6845,3470,1171,454,3895,4758,2123,4360,6880,2838,1099,661,1
경기도-화성시-영천동,경기도,화성시,영천동,동탄하나로클럽,45981,23018,22963,3115,2406,2593,5488,4715,2510,1404,787,2927,2328,2762,5375,4378,2435,1656,1102,1
경기도-화성시-목동,경기도,화성시,목동,동탄목동,32193,16059,16134,2897,1985,1284,3082,3958,1607,876,370,2808,1983,1206,3594,3489,1672,948,434,1
경기도-화성시-송동,경기도,화성시,송동,동탄호수공원,12156,6038,6118,966,791,532,1077,1464,697,341,170,985,789,550,1235,1324,682,362,191,1
경기도-화성시-새솔동,경기도,화성시,새솔동,화성송산그린시티,25123,12596,12527,2117,1367,1266,2402,2733,1589,888,234,2188,1431,1138,2530,2468,1679,782,311,1
경기도-화성시-봉담읍,경기도,화성시,봉담읍,화성봉담,86090,43693,42397,3963,5059,5675,6209,8372,7190,4588,2637,3887,5148,5232,5729,7900,6348,4579,3574,1
경기도-화성시-향남읍,경기도,화성시,향남읍,화성향남,87816,47129,40687,5010,5437,5759,8215,10184,6763,3713,2048,4686,5163,4584,6482,8041,5284,3540,2907,1
경기도-화성시-남양읍,경기도,화성시,남양읍,화성남양,43795,23924,19871,2024,1935,3434,4365,4098,3685,2858,1525,1871,1812,2398,3003,3171,3065,2609,1942,1
경기도-양주시-옥정동,경기도,양주시,옥정동,양주옥정,56536,28203,28333,3892,3229,2906,4888,6029,3627,2222,1410,3763,3317,2908,5013,5668,3568,2367,1729,1
충청북도-청주시 서원구-사창동,충청북도,청주시 서원구,사창동,청주충북대,14659,7407,7252,278,460,1865,1132,970,976,932,794,271,431,1639,819,837,1071,1166,1018,1
충청북도-청주시 서원구-분평동,충청북도,청주시 서원구,분평동,청주분평,35351,17242,18109,1214,2299,2824,1856,2706,3316,1932,1095,1162,2062,2340,1804,3276,3505,2140,1820,1
충청북도-청주시 청원구-우암동,충청북도,청주시 청원구,우암동,청주대,12337,6231,6106,238,369,1101,832,853,1044,979,815,235,384,998,639,632,934,1046,1238,1
충청남도-천안시 동남구-청당동,충청남도,천안시 동남구,청당동,천안청수,33177,16597,16580,2156,2325,1994,2572,3371,2320,1295,564,2033,2244,1794,2688,3423,2328,1332,738,1
충청남도-천안시 동남구-신부동,충청남도,천안시 동남구,신부동,천안신부,28688,13943,14745,1078,1024,2578,2396,2074,2042,1725,1026,1062,1087,2990,2131,1975,2351,1867,1282,1
충청남도-천안시 서북구-성정동,충청남도,천안시 서북구,성정동,천안성정,39303,21202,18101,721,992,4373,4569,3350,3411,2510,1276,637,966,4022,3005,2417,2862,2335,1857,1
충청남도-천안시 서북구-두정동,충청남도,천안시 서북구,두정동,"천안백석, 천안두정",71531,37606,33925,2979,3494,7824,8273,6311,5263,2462,1000,2922,3297,6966,6243,5719,5009,2254,1515,2
충청남도-천안시 서북구-쌍용동,충청남도,천안시 서북구,쌍용동,"천안충무로,천안쌍용",68799,33673,35126,2428,4170,5552,4513,5223,5889,4020,1878,2324,3797,5113,4270,5857,6699,4020,3046,2
충청남도-천안시 서북구-불당동,충청남도,천안시 서북구,불당동,천안신불당,69255,34576,34679,4855,4961,4152,6422,7194,4733,1664,595,4704,4766,4127,6835,7346,4529,1515,857,1
충청남도-공주시-신관동,충청남도,공주시,신관동,공주신관,23271,11251,12020,866,1312,1987,1298,1745,1835,1322,886,808,1322,1970,1238,1924,1992,1508,1258,1
충청남도-보령시-명천동,충청남도,보령시,명천동,보령DT,14775,7317,7458,669,882,906,926,1211,1248,902,573,686,766,766,872,1275,1211,971,911,1
충청남도-아산시-온천동,충청남도,아산시,온천동,아산온양,19991,10469,9522,595,798,1509,1624,1694,1720,1435,1094,604,680,1194,1181,1296,1560,1494,1513,1
충청남도-아산시-모종동,충청남도,아산시,모종동,아산터미널,22724,11266,11458,1208,1525,1395,1499,2267,1732,1005,635,1163,1474,1292,1558,2200,1593,1207,971,1
충청남도-아산시-배방읍,충청남도,아산시,배방읍,아산배방(공수리),83381,42891,40490,4739,5197,5562,7911,8415,5983,3252,1832,4483,4859,5010,7227,7624,5386,3305,2596,1
충청남도-서산시-예천동,충청남도,서산시,예천동,서산호수공원,22007,11133,10874,1518,1573,1361,1968,2260,1453,648,352,1601,1500,1033,1826,2316,1336,718,544,1
충청남도-논산시-내동,충청남도,논산시,내동,논산,16771,8374,8397,853,1057,1171,1071,1495,1336,907,484,824,1043,971,1020,1559,1337,917,726,1
충청남도-당진시-읍내동,충청남도,당진시,읍내동,당진읍내,22768,12103,10665,996,1266,1818,2233,2181,1764,1093,752,1022,1198,1244,1540,1929,1573,1099,1060,1
충청남도-홍성군-홍성읍,충청남도,홍성군,홍성읍,홍성,37346,18489,18857,1104,2074,2522,1808,2729,3500,2640,2112,1044,1969,2066,1606,2927,3265,2925,3055,1
전라북도-전주시 완산구-효자동,전라북도,전주시 완산구,효자동,전주전북도청,111743,54522,57221,4475,6466,9370,7428,8592,8871,5537,3783,4136,5969,8862,7431,9611,9585,6278,5349,1
전라북도-전주시 덕진구-송천동,전라북도,전주시 덕진구,송천동,전주송천DT,88629,43655,44974,4926,6203,6046,5813,7713,6736,3952,2266,4694,5866,5452,6109,8491,7032,4178,3152,1
전라북도-군산시-나운동,전라북도,군산시,나운동,군산나운,52017,25318,26699,1540,2895,3555,2381,3882,4694,3788,2583,1523,2878,2822,2294,4219,4974,4213,3776,1
전라북도-군산시-미룡동,전라북도,군산시,미룡동,군산대,14001,7271,6730,510,954,1100,769,1410,1350,749,429,471,895,852,672,1376,1121,725,618,1
전라북도-익산시-모현동1가,전라북도,익산시,모현동1가,익산모현,38639,18696,19943,1727,2186,2310,2031,3124,3033,2501,1784,1577,2253,2121,2210,3196,3309,2751,2526,1
전라남도-목포시-상동,전라남도,목포시,상동,목포상동,33588,16843,16745,991,1588,2713,1964,2742,3017,2410,1418,926,1542,2317,1739,2495,3084,2452,2190,1
전라남도-나주시-빛가람동,전라남도,나주시,빛가람동,나주혁신,39218,19496,19722,3121,2470,2180,3893,4129,2136,1083,484,2989,2489,2387,3981,3954,2093,1222,607,1
전라남도-무안군-삼향읍,전라남도,무안군,삼향읍,목포남악,40441,20238,20203,2162,2953,2635,3018,3968,2903,1604,995,2036,2860,2487,3113,4113,2634,1547,1413,1
경상북도-포항시 북구-죽도동,경상북도,포항시 북구,죽도동,포항남부DT,19912,9779,10133,365,459,1236,1377,1366,1613,1823,1540,355,455,1131,980,1145,1706,2407,1954,1
경상북도-경산시-대동,경상북도,경산시,대동,경산영남대,774,426,348,4,5,208,74,30,42,33,30,5,10,181,37,16,29,31,39,1
경상북도-경산시-하양읍,경상북도,경산시,하양읍,경산하양(금락리),28522,14368,14154,955,1610,2409,1646,2178,2376,1787,1407,935,1363,1899,1340,2266,2336,1873,2142,1
경상북도-경산시-진량읍,경상북도,경산시,진량읍,경산 대구대(대구대로),35299,18439,16860,1057,1598,2957,2115,3039,3770,2386,1517,960,1599,2190,1601,2685,3353,2144,2328,1
경상북도-칠곡군-왜관읍,경상북도,칠곡군,왜관읍,왜관FC,32442,16277,16165,1054,1645,2067,1654,2609,3211,2452,1585,975,1586,1470,1424,2533,3099,2444,2634,1
경상남도-창원시 의창구-중동,경상남도,창원시 의창구,중동,창원유니시티,20119,10102,10017,1303,1151,1278,1460,1823,1795,1029,263,1235,1100,1040,1603,1885,1900,860,394,1
경상남도-창원시 의창구-명서동,경상남도,창원시 의창구,명서동,창원파티마병원,20872,10807,10065,605,917,1501,1261,1575,2211,1809,928,553,817,1195,1113,1451,2080,1720,1136,1
경상남도-창원시 의창구-사림동,경상남도,창원시 의창구,사림동,창원중앙역,10695,5715,4980,215,337,1368,835,741,940,866,413,212,296,980,628,592,913,836,523,1
경상남도-창원시 성산구-대방동,경상남도,창원시 성산구,대방동,창원대방,23922,11813,12109,891,1388,1678,1764,1897,2147,1592,456,915,1253,1465,1623,2171,2484,1432,766,1
경상남도-창원시 성산구-상남동,경상남도,창원시 성산구,상남동,"창원대동백화점, 창원리베라,창원상남",34203,17340,16863,1172,1962,2800,2523,2639,3378,2253,613,1094,1743,2335,2173,3027,3691,1938,862,3
경상남도-창원시 성산구-용호동,경상남도,창원시 성산구,용호동,창원용지호수,15382,7704,7678,740,902,1078,1111,1291,1315,935,332,667,777,883,1099,1381,1511,916,444,1
경상남도-창원시 마산합포구-중앙동,경상남도,창원시 마산합포구,중앙동,마산이마트,5945,2883,3062,169,273,358,323,431,484,476,369,130,238,279,286,427,576,558,568,1
경상남도-창원시 마산합포구-해운동,경상남도,창원시 마산합포구,해운동,마산경남대,7946,3892,4054,215,320,582,491,543,636,667,438,224,328,428,380,552,732,802,608,1
경상남도-창원시 마산회원구-합성동,경상남도,창원시 마산회원구,합성동,마산합성,16612,8385,8227,438,499,1048,1061,1295,1441,1506,1097,404,476,880,818,1077,1425,1726,1421,1
경상남도-창원시 진해구-석동,경상남도,창원시 진해구,석동,진해석동,19241,9911,9330,690,1285,1401,1173,1806,1678,1237,641,602,1179,1081,985,1862,1531,1232,858,1
경상남도-진주시-칠암동,경상남도,진주시,칠암동,진주경상대칠암캠퍼스,6206,3108,3098,95,218,918,387,353,399,404,334,98,158,759,295,331,460,494,503,1
경상남도-진주시-중안동,경상남도,진주시,중안동,진주중안,590,280,310,9,16,45,31,45,43,45,46,8,11,37,30,38,49,66,71,1
경상남도-진주시-평거동,경상남도,진주시,평거동,진주평거탑마트,35909,17190,18719,1701,2518,2406,1808,3088,2984,1784,901,1671,2563,2010,2055,3772,3211,1974,1463,1
경상남도-진주시-가좌동,경상남도,진주시,가좌동,진주경상대,24032,12000,12032,1136,1175,2679,2041,1685,1604,1103,577,1042,1116,2061,1805,1829,1769,1374,1036,1
경상남도-진주시-충무공동,경상남도,진주시,충무공동,진주혁신,33079,16301,16778,2747,2172,1558,3246,3493,1825,925,335,2729,2134,1590,3430,3478,1927,1026,464,1
경상남도-통영시-항남동,경상남도,통영시,항남동,통영문화마당,1106,577,529,9,23,41,33,95,139,139,98,17,23,23,26,45,91,166,138,1
경상남도-통영시-북신동,경상남도,통영시,북신동,통영무전,10292,4927,5365,317,496,494,494,754,757,920,695,287,455,369,469,736,935,1212,902,1
경상남도-김해시-삼계동,경상남도,김해시,삼계동,김해삼계,50837,25565,25272,2354,3702,3768,2897,4641,4935,2403,865,2289,3419,3068,2877,5290,4836,2141,1352,1
경상남도-김해시-내동,경상남도,김해시,내동,김해내동,28771,14527,14244,845,1524,2550,1691,2013,3169,1970,765,769,1437,2051,1474,2265,3339,1640,1269,1
경상남도-김해시-외동,경상남도,김해시,외동,김해이마트,44329,21933,22396,1420,2169,3706,2896,3199,4596,2848,1099,1300,1989,3168,2518,3553,5070,2717,2081,1
경상남도-김해시-어방동,경상남도,김해시,어방동,김해인제대,21848,11135,10713,681,1154,1742,1209,1642,2443,1640,624,608,1035,1387,1092,1622,2560,1449,960,1
경상남도-김해시-부곡동,경상남도,김해시,부곡동,김해장유,31153,15351,15802,1204,2669,2016,1248,3142,3067,1217,788,1249,2613,1730,1376,3595,2710,1370,1159,1
경상남도-김해시-율하동,경상남도,김해시,율하동,김해율하,29392,14424,14968,1783,2778,1331,1526,3365,2140,935,566,1757,2665,1202,1802,3773,1889,1104,776,1
경상남도-김해시-진영읍,경상남도,김해시,진영읍,김해진영(김해대로),55281,28376,26905,2952,3315,2727,3938,5861,4583,3231,1769,2787,3068,2205,3719,5187,4107,3298,2534,1
경상남도-거제시-아주동,경상남도,거제시,아주동,거제아주,26684,14258,12426,2024,1932,1239,2519,3593,1829,845,277,1902,1781,965,2386,2843,1369,787,393,1
경상남도-거제시-고현동,경상남도,거제시,고현동,거제고현,33958,17434,16524,1472,2139,2050,2222,3360,3208,2138,845,1349,2036,1602,2055,3259,2960,2140,1123,1
경상남도-양산시-중부동,경상남도,양산시,중부동,양산,16186,7906,8280,402,682,1247,885,1070,1594,1225,801,392,641,1023,736,1200,1800,1324,1164,1
경상남도-양산시-덕계동,경상남도,양산시,덕계동,양산덕계메가마트,17860,8829,9031,792,823,1019,1195,1421,1589,1222,768,784,749,825,1110,1481,1644,1324,1114,1
경상남도-양산시-물금읍,경상남도,양산시,물금읍,"양산증산, 남양산",119995,59255,60740,7429,6806,6567,9461,11624,8477,5888,3003,7153,6569,6542,9833,11481,8901,6158,4103,2
경상남도-거창군-거창읍,경상남도,거창군,거창읍,경남거창(중앙리),40135,19794,20341,1484,2705,2623,1890,2842,3413,2805,2032,1412,2234,1869,1832,3060,3421,3119,3394,1
제주특별자치도-제주시-이도이동,제주특별자치도,제주시,이도이동,이도이동,33044,16202,16842,1400,2074,2472,2272,2684,2643,1629,1028,1299,2030,2465,2185,2869,2730,1822,1442,1
제주특별자치도-제주시-아라이동,제주특별자치도,제주시,아라이동,제주대,7060,3399,3661,447,441,410,494,595,554,303,155,442,494,445,548,645,564,301,222,1
제주특별자치도-제주시-연동,제주특별자치도,제주시,연동,제주연동신시가지,42383,20717,21666,1414,2139,3556,3148,3364,3486,2315,1295,1393,1963,3602,2945,3710,3726,2581,1746,1
